code,name,url
5218,Sapura Energy Bhd (SAEN),https://www.investing.com/equities/sapurakencana-petroleum-bhd-dividends
138,MY EG Services Bhd (MYEG),https://www.investing.com/equities/my-eg-services-bhd-dividends
128,Frontken Corporation Bhd (FRKN),https://www.investing.com/equities/frontken-corporation-bhd-dividends
9385,Lay Hong Bhd (LAYH),https://www.investing.com/equities/lay-hong-bhd-dividends
5878,KPJ Healthcare Bhd (KPJH),https://www.investing.com/equities/kpj-healthcare-bhd-dividends
5210,Bumi Armada Bhd (BUAB),https://www.investing.com/equities/bumi-armada-bhd-dividends
1651,Malaysian Resources Corporation (MYRS),https://www.investing.com/equities/malaysian-resources-corporation-dividends
5239,Titijaya Land Bhd (TITI),https://www.investing.com/equities/titijaya-land-bhd-dividends
1619,DRB - Hicom Bhd (DRBM),https://www.investing.com/equities/drb---hicom-bhd-dividends
0151,Kelington Group Bhd (KELG),https://www.investing.com/equities/kelington-group-bhd-dividends
5243,Velesto Energy Bhd (VELE),https://www.investing.com/equities/umw-oil-and-gas-corporation-dividends
1023,Bumiputra - Commerce Holdings Bhd (CIMB),https://www.investing.com/equities/bumiputra---commerce-holdings-bhd-dividends
5099,Airasia Bhd (AIRA),https://www.investing.com/equities/airasia-bhd-dividends
5347,Tenaga Nasional Bhd (TENA),https://www.investing.com/equities/tenaga-nasional-bhd-dividends
7277,Dialog Group Bhd (DIAL),https://www.investing.com/equities/dialog-group-bhd-dividends
7106,Supermax Corporation Bhd (SUPM),https://www.investing.com/equities/supermax-corporation-bhd-dividends
4197,Sime Darby Bhd (SIME),https://www.investing.com/equities/sime-darby-bhd-dividends
5183,Petronas Chemicals Group Bhd (PCGB),https://www.investing.com/equities/petronas-chemicals-group-bhd-dividends
7022,Globetronics Tech Bhd (GNIC),https://www.investing.com/equities/globetronics-tech-bhd-dividends
4863,Telekom Malaysia Bhd (TLMM),https://www.investing.com/equities/telekom-malaysia-bhd-dividends
6963,VS Industry Bhd (VSID),https://www.investing.com/equities/vs-industry-bhd-dividends
5168,Hartalega Holdings Bhd (HTHB),https://www.investing.com/equities/hartalega-holdings-bhd-dividends
5277,FoundPac Group Bhd (FOUN),https://www.investing.com/equities/foundpac-group-bhd-dividends
8311,Pesona Metro Holdings Bhd (PESO),https://www.investing.com/equities/pesona-metro-holdings-bhd-dividends
5072,Hiap Teck Venture Bhd (HTVE),https://www.investing.com/equities/hiap-teck-venture-bhd-dividends
5398,Gamuda Bhd (GAMU),https://www.investing.com/equities/gamuda-bhd-dividends
4715,Genting Malaysia Bhd (GENM),https://www.investing.com/equities/genting-malaysia-bhd-dividends
5225,IHH Healthcare Bhd (IHHH),https://www.investing.com/equities/ihh-healthcare-bhd-dividends
1155,Malayan Banking Bhd (MBBM),https://www.investing.com/equities/malayan-banking-bhd-dividends
1295,Public Bank Bhd (PUBM),https://www.investing.com/equities/public-bank-bhd-dividends
6742,YTL Power International Bhd (YTLP),https://www.investing.com/equities/ytl-power-international-bhd-dividends
5253,Econpile Holdings Bhd (ECOH),https://www.investing.com/equities/econpile-holdings-bhd-dividends
3182,Genting Bhd (GENT),https://www.investing.com/equities/genting-bhd-dividends
3336,IJM Corporation Bhd (IJMS),https://www.investing.com/equities/ijm-corporation-bhd-dividends
7249,Ewein Bhd (EWEI),https://www.investing.com/equities/ewein-bhd-dividends
5014,Malaysia Airport Holdings Bhd (MAHB),https://www.investing.com/equities/malaysia-airport-holdings-bhd-dividends
166,Inari Amertron Bhd (INAR),https://www.investing.com/equities/inari-amertron-bhd-dividends
7113,Top Glove Corporation Bhd (TPGC),https://www.investing.com/equities/top-glove-corporation-bhd-dividends
5098,Malaysia Steel Works KL Bhd (MSWK),https://www.investing.com/equities/malaysia-steel-works-kl-bhd-dividends
1171,Malaysia Building Society Bhd (MBSS),https://www.investing.com/equities/malaysia-building-society-bhd-dividends
4677,YTL Corporation Bhd (YTLS),https://www.investing.com/equities/ytl-corporation-bhd-dividends
5246,Westports Holdings Bhd (WPHB),https://www.investing.com/equities/westports-holdings-bhd-dividends
4898,TA Enterprise Bhd (TAES),https://www.investing.com/equities/ta-enterprise-bhd-dividends
5250,7 Eleven Malaysia Holdings Bhd (SEVE),https://www.investing.com/equities/7-eleven-malaysia-holdings-bhd-dividends
6888,Axiata Group Bhd (AXIA),https://www.investing.com/equities/axiata-group-bhd-dividends
0186,Perak Transit Bhd (PERT),https://www.investing.com/equities/perak-transit-bhd-dividends
6012,Maxis Bhd (MXSC),https://www.investing.com/equities/maxis-bhd-dividends
5211,Sunway Bhd (SWAY),https://www.investing.com/equities/sunway-bhd-dividends
65,Excel Force MSC Bhd (EXFM),https://www.investing.com/equities/excel-force-msc-bhd-dividends
5005,Unisem M Bhd (UNSM),https://www.investing.com/equities/unisem-m-bhd-dividends
5288,Sime Darby Property Bhd (SIPR),https://www.investing.com/equities/sime-darby-property-dividends
1481,Advance Synergy Bhd (ADVA),https://www.investing.com/equities/advance-synergy-bhd-dividends
8583,Mah Sing Group Bhd (MAHS),https://www.investing.com/equities/mah-sing-group-bhd-dividends
1015,AMMB Holdings Bhd (AMMB),https://www.investing.com/equities/ammb-holdings-bhd-dividends
3395,Berjaya Corporation Bhd (BGRO),https://www.investing.com/equities/berjaya-corporation-bhd-dividends
1961,IOI Corporation Bhd (IOIB),https://www.investing.com/equities/ioi-corporation-bhd-dividends
9679,WCT Holdings Bhd (WCTE),https://www.investing.com/equities/wct-holdings-bhd-dividends
4456,Dagang Nexchange Bhd (DNEX),https://www.investing.com/equities/dagang-nexchange-bhd-dividends
6033,Petronas Gas Bhd (PGAS),https://www.investing.com/equities/petronas-gas-bhd-dividends
5142,Wah Seong Corporation Bhd (WAHE),https://www.investing.com/equities/wah-seong-corporation-bhd-dividends
5819,Hong Leong Bank Bhd (HLBB),https://www.investing.com/equities/hong-leong-bank-bhd-dividends
6947,DiGi.Com Bhd (DSOM),https://www.investing.com/equities/digi.com-bhd-dividends
8869,Press Metal Bhd (PMET),https://www.investing.com/equities/press-metal-bhd-dividends
5264,Malakoff Corporation Bhd (MALA),https://www.investing.com/equities/malakoff-corporation-bhd-dividends
8877,Ekovest Bhd (EKOV),https://www.investing.com/equities/ekovest-bhd-dividends
83,Notion Vtec Bhd (NVTE),https://www.investing.com/equities/notion-vtec-bhd-dividends
7155,SKP Resources Bhd (SKPR),https://www.investing.com/equities/skp-resources-bhd-dividends
5279,Serba Dinamik Holdings Bhd (SERB),https://www.investing.com/equities/serba-dinamik-holdings-bhd-dividends
5227,IGB Real Estate Investment Trust (IGRE),https://www.investing.com/equities/igb-real-estate-investment-trust-dividends
0171,PeterLabs Holdings Bhd (PLHB),https://www.investing.com/equities/peterlabs-holdings-bhd-dividends
0127,JHM Consolidation Bhd (JHMC),https://www.investing.com/equities/jhm-consolidation-bhd-dividends
5101,Evergreen Fibreboard Bhd (EVGN),https://www.investing.com/equities/evergreen-fibreboard-bhd-dividends
35,OPCOM Holdings Bhd (OPCM),https://www.investing.com/equities/opcom-holdings-bhd-dividends
0172,OCK Group Bhd (OCKG),https://www.investing.com/equities/ock-group-bhd-dividends
5056,Engtex Group Bhd (ETEX),https://www.investing.com/equities/engtex-group-bhd-dividends
5216,Datasonic Group Bhd (DSON),https://www.investing.com/equities/datasonic-group-bhd-dividends
5576,Minho M Bhd (MNHO),https://www.investing.com/equities/minho-m-bhd-dividends
7100,Uchi Technologies Bhd (UCHI),https://www.investing.com/equities/uchi-technologies-bhd-dividends
1368,Faber Group Bhd (UEME),https://www.investing.com/equities/faber-group-bhd-dividends
5205,Eversendai Corporation Bhd (ESCB),https://www.investing.com/equities/eversendai-corporation-bhd-dividends
2879,Chemical Company of Malaysia (CLMS),https://www.investing.com/equities/chemical-company-of-malaysia-dividends
8893,M K Land Holdings Bhd (MKLH),https://www.investing.com/equities/m-k-land-holdings-bhd-dividends
7285,Tomypak Holdings Bhd (TOMY),https://www.investing.com/equities/tomypak-holdings-bhd-dividends
2054,TDM Bhd (TDMS),https://www.investing.com/equities/tdm-bhd-dividends
0179,Bioalpha Holdings Bhd (BIOA),https://www.investing.com/equities/bioalpha-holdings-bhd-dividends
3816,MISC Bhd (MISC),https://www.investing.com/equities/misc-bhd-dividends
6399,Astro Malaysia Holdings Bhd (ASTR),https://www.investing.com/equities/astro-malaysia-holdings-bhd-dividends
7084,QL Resources Bhd (QRES),https://www.investing.com/equities/ql-resources-bhd-dividends
5209,Gas Malaysia Bhd (GASM),https://www.investing.com/equities/gas-malaysia-bhd-dividends
7047,Fajarbaru Builder Group Bhd (FAJA),https://www.investing.com/equities/fajarbaru-builder-group-bhd-dividends
2445,Kuala Lumpur Kepong Bhd (KLKK),https://www.investing.com/equities/kuala-lumpur-kepong-bhd-dividends
5263,Sunway Construction Group Bhd (SCOG),https://www.investing.com/equities/sunway-construction-group-bhd-dividends
5222,Felda Global Ventures Holdings Bhd (FGVH),https://www.investing.com/equities/felda-global-ventures-holdings-bhd-dividends
6483,K N Kenanga Holdings Bhd (KNNK),https://www.investing.com/equities/k-n-kenanga-holdings-bhd-dividends
7111,Weida (M) Bhd (WEID),https://www.investing.com/equities/weida-m-bhd-dividends
1818,Bursa Malaysia Bhd (BMYS),https://www.investing.com/equities/bursa-malaysia-bhd-dividends
0037,RGB International Bhd (RGBI),https://www.investing.com/equities/rgb-international-bhd-dividends
8524,Taliworks Corporation Bhd (TWRK),https://www.investing.com/equities/taliworks-corporation-bhd-dividends
5200,UOA Development Bhd (UOAD),https://www.investing.com/equities/uoa-development-bhd-dividends
5041,PBA Holdings Bhd (PBAH),https://www.investing.com/equities/pba-holdings-bhd-dividends
3662,Malayan Flour Mills Bhd (MFMS),https://www.investing.com/equities/malayan-flour-mills-bhd-dividends
7117,CJ Century Logistics Holdings Bhd (CJCE),https://www.investing.com/equities/century-logistics-holdings-bhd-dividends
7148,CCM Duopharma Biotech Bhd (CCMD),https://www.investing.com/equities/ccm-duopharma-biotech-bhd-dividends
7222,Imaspro Corporation Bhd (IMSP),https://www.investing.com/equities/imaspro-corporation-bhd-dividends
8567,Salcon Engineering Berhad (SLCN),https://www.investing.com/equities/salcon-bhd-dividends
7173,Toyo Ink Group Bhd (TOYG),https://www.investing.com/equities/toyo-ink-group-bhd-dividends
7153,Kossan Rubber Industries Bhd (KRIB),https://www.investing.com/equities/kossan-rubber-industries-bhd-dividends
5226,Gabungan AQRS Bhd (GAQR),https://www.investing.com/equities/gabungan-aqrs-bhd-dividends
8664,SP Setia Bhd (SETI),https://www.investing.com/equities/sp-setia-bhd-dividends
5204,Prestariang Bhd (PSTG),https://www.investing.com/equities/prestariang-bhd-dividends
3204,George Kent (Malaysia) Bhd (GKMS),https://www.investing.com/equities/george-kent-(malaysia)-bhd-dividends
0108,N2N Connect Bhd (NNCB),https://www.investing.com/equities/n2n-connect-bhd-dividends
0001,Supercomnet Technologies Bhd (SCTH),https://www.investing.com/equities/supercomnet-technologies-bhd-dividends
4588,UMW Holdings Bhd (UMWS),https://www.investing.com/equities/umw-holdings-bhd-dividends
7078,Ahmad Zaki Resources Bhd (AZRB),https://www.investing.com/equities/ahmad-zaki-resources-bhd-dividends
4324,Hengyuan Refining Company Bhd (HENY),https://www.investing.com/equities/shell-refining-company-dividends
4065,PPB Group Bhd (PEPT),https://www.investing.com/equities/ppb-group-bhd-dividends
1066,RHB Bank Bhd (RHBC),https://www.investing.com/equities/rhb-capital-bhd-dividends
0111,K-One Technology Bhd (KONE),https://www.investing.com/equities/k-one-technology-bhd-dividends
0185,HSS Engineers Bhd (HSSE),https://www.investing.com/equities/hss-engineers-bhd-dividends
5166,Minda Global Bhd (MIND),https://www.investing.com/equities/masterskill-education-group-dividends
9318,Fitters Diversified Bhd (FITT),https://www.investing.com/equities/fitters-diversified-bhd-dividends
8419,Pansar Bhd (PANS),https://www.investing.com/equities/pansar-bhd-dividends
0023,IFCA MSC Bhd (IFCA),https://www.investing.com/equities/ifca-msc-bhd-dividends
9261,Gadang Holdings Bhd (GADA),https://www.investing.com/equities/gadang-holdings-bhd-dividends
4634,POS Malaysia&Services Holdings Bhd (PSHL),https://www.investing.com/equities/pos-malaysia-services-holdings-bhd-dividends
7052,Padini Holdings Bhd (PDNI),https://www.investing.com/equities/padini-holdings-bhd-dividends
3859,Magnum Bhd (MAGM),https://www.investing.com/equities/magnum-bhd-dividends
0054,Karyon Industries Bhd (KARY),https://www.investing.com/equities/karyon-industries-bhd-dividends
5094,CSC Steel Holdings Bhd (CSTH),https://www.investing.com/equities/csc-steel-holdings-bhd-dividends
0148,Sunzen Biotech Bhd (SZBB),https://www.investing.com/equities/sunzen-biotech-bhd-dividends
78,GD Express Carrier Bhd (GDEX),https://www.investing.com/equities/gd-express-carrier-bhd-dividends
7088,Poh Huat Resources Holdings (PHUA),https://www.investing.com/equities/poh-huat-resources-holdings-dividends
6556,Ann Joo Resources Bhd (ANNJ),https://www.investing.com/equities/ann-joo-resources-bhd-dividends
6599,AEON Co (Malaysia) Bhd (AEOM),https://www.investing.com/equities/aeon-co-(m)-bhd-dividends
5148,UEM Sunrise Bhd (UMSB),https://www.investing.com/equities/uem-sunrise-bhd-dividends
2127,Comfort Gloves Bhd (COMF),https://www.investing.com/equities/integrated-rubber-corporation-dividends
5259,EA Technique M Bhd (EATE),https://www.investing.com/equities/ea-technique-m-bhd-dividends
7293,Yinson Holdings Bhd (YINS),https://www.investing.com/equities/yinson-holdings-bhd-dividends
7233,Dufu Tech Corp Bhd (DUFU),https://www.investing.com/equities/dufu-tech-corp-bhd-dividends
4502,Media Prima Bhd (MPRM),https://www.investing.com/equities/media-prima-bhd-dividends
0084,Techfast Holdings Bhd (TCHF),https://www.investing.com/equities/techfast-holdings-bhd-dividends
0120,VisDynamics Holdings Bhd (VSDY),https://www.investing.com/equities/visdynamics-holdings-bhd-dividends
5180,CapitaLand Malaysia Mall Trust (CAMA),https://www.investing.com/equities/capitamalls-malaysia-trust-dividends
2852,Cahya Mata Sarawak Bhd (CMSM),https://www.investing.com/equities/cahya-mata-sarawak-bhd-dividends
0163,Careplus Group Bhd (CARE),https://www.investing.com/equities/careplus-group-bhd-dividends
5070,Protasco Bhd (PRTO),https://www.investing.com/equities/protasco-bhd-dividends
0193,Kejuruteraan Asastera Bhd (KEJU),https://www.investing.com/equities/kejuruteraan-asastera-dividends
5703,Muhibbah Engineering M Bhd (MUHI),https://www.investing.com/equities/muhibbah-engineering-m-bhd-dividends
0136,Greenyield Bhd (GRYB),https://www.investing.com/equities/greenyield-bhd-dividends
5681,Petronas Dagangan Bhd (PETR),https://www.investing.com/equities/petronas-dagangan-bhd-dividends
5095,HeveaBoard Bhd (HEVE),https://www.investing.com/equities/heveaboard-bhd-dividends
0183,Salutica Bhd (SALU),https://www.investing.com/equities/salutica-bhd-dividends
9571,Mitrajaya Holdings Bhd (MITR),https://www.investing.com/equities/mitrajaya-holdings-bhd-dividends
0123,Privasia Technology Bhd (PRTB),https://www.investing.com/equities/privasia-technology-bhd-dividends
5053,OSK Holdings Bhd (OSKH),https://www.investing.com/equities/osk-holdings-bhd-dividends
5252,Sasbadi Holdings Bhd (SAHO),https://www.investing.com/equities/sasbadi-holdings-bhd-dividends
5230,Tune Protect Group Bhd (TUNE),https://www.investing.com/equities/tune-protect-group-bhd-dividends
5254,Boustead Plantations Bhd (BOPL),https://www.investing.com/equities/boustead-plantations-bhd-dividends
3174,Land General Bhd (LAND),https://www.investing.com/equities/land-general-bhd-dividends
7174,CAB Cakaran Corporation Bhd (CABC),https://www.investing.com/equities/cab-cakaran-corporation-bhd-dividends
5272,Ranhill Holdings Ltd (RANH),https://www.investing.com/equities/symphony-house-bhd-dividends
5141,Dayang Enterprise Holdings Bhd (DEHB),https://www.investing.com/equities/dayang-enterprise-holdings-bhd-dividends
0039,GFM Services Bhd (GFMS),https://www.investing.com/equities/gfm-services-dividends
5185,AFFIN Holdings Bhd (AFIN),https://www.investing.com/equities/affin-holdings-bhd-dividends
1147,Global Oriental Bhd (GLOL),https://www.investing.com/equities/global-oriental-bhd-dividends
2488,Alliance Financial Group Bhd (ALLI),https://www.investing.com/equities/malaysian-plantations-bhd-dividends
3883,Muda Holdings Bhd (MUDA),https://www.investing.com/equities/muda-holdings-bhd-dividends
7215,Ni Hsin Resources Bhd (NHSN),https://www.investing.com/equities/ni-hsin-resources-bhd-dividends
7082,SYF Resources Bhd (SYFR),https://www.investing.com/equities/syf-resources-bhd-dividends
5123,MRCB-Quill REIT Unit (MQRE),https://www.investing.com/equities/mrcb-quill-unit-dividends
6084,Star Media Group Bhd (STAR),https://www.investing.com/equities/star-media-group-bhd-dividends
5158,TA Global Bhd (TAGL),https://www.investing.com/equities/ta-global-bhd-dividends
97,ViTrox Corporation Bhd (VTRX),https://www.investing.com/equities/vitrox-corporation-bhd-dividends
3034,Hap Seng Consolidated Bhd (HAPS),https://www.investing.com/equities/hap-seng-consolidated-bhd-dividends
3158,YNH Property Bhd (YNHB),https://www.investing.com/equities/ynh-property-bhd-dividends
5161,JCY International Bhd (JCYI),https://www.investing.com/equities/jcy-international-bhd-dividends
5843,Kumpulan Perangsang Selangor (KPSB),https://www.investing.com/equities/kumpulan-perangsang-selangor-dividends
7076,CB Industrial Product Holding (CBIP),https://www.investing.com/equities/cb-industrial-product-holding-dividends
5001,Mieco Chipboard Bhd (MIEC),https://www.investing.com/equities/mieco-chipboard-bhd-dividends
0178,Sedania Innovator Bhd (SEDA),https://www.investing.com/equities/sedania-innovator-bhd-dividends
5249,IOI Properties Group Bhd (IOIP),https://www.investing.com/equities/ioi-properties-group-bhd-dividends
5789,LBS Bina Group Bhd (LBSB),https://www.investing.com/equities/lbs-bina-group-bhd-dividends
5190,Benalec Holdings Bhd (BENL),https://www.investing.com/equities/benalec-holdings-bhd-dividends
7248,SLP Resources Bhd (SLPB),https://www.investing.com/equities/slp-resources-bhd-dividends
1538,Symphony Life Bhd (SYML),https://www.investing.com/equities/symphony-life-bhd-dividends
6874,KUB Malaysia Bhd (KUBM),https://www.investing.com/equities/kub-malaysia-bhd-dividends
5932,Bina Puri Holdings Bhd (BPUR),https://www.investing.com/equities/bina-puri-holdings-bhd-dividends
5665,Southern Steel Bhd (STEE),https://www.investing.com/equities/southern-steel-bhd-dividends
3042,Petron Malaysia Refining Marketing (PTMR),https://www.investing.com/equities/petron-malaysia-refining-marketing-dividends
6181,Malton Bhd (MLTO),https://www.investing.com/equities/malton-bhd-dividends
0024,JAG Bhd (JAGB),https://www.investing.com/equities/jag-bhd-dividends
4243,WTK Holdings Bhd (WTKH),https://www.investing.com/equities/wtk-holdings-bhd-dividends
0032,Redtone International Bhd (RTON),https://www.investing.com/equities/redtone-international-bhd-dividends
2291,Genting Plantations Bhd (GENP),https://www.investing.com/equities/genting-plantations-bhd-dividends
21,GHL Systems Bhd (GHLS),https://www.investing.com/equities/ghl-systems-bhd-dividends
5054,TRC Synergy Bhd (TRCG),https://www.investing.com/equities/trc-synergy-bhd-dividends
5280,KIP Real Estate Investment Trust (KIPR),https://www.investing.com/equities/kip-real-estate-investment-trust-dividends
5273,Chin Hin Group Bhd (CHIU),https://www.investing.com/equities/chin-hin-group-bhd-dividends
0090,Elsoft Research Bhd (ELSR),https://www.investing.com/equities/elsoft-research-bhd-dividends
5197,Focus Lumber Bhd (FOLU),https://www.investing.com/equities/focus-lumber-bhd-dividends
7245,WZ Satu Bhd (WZRB),https://www.investing.com/equities/wz-satu-bhd-dividends
5219,PESTECH International Bhd (PEIN),https://www.investing.com/equities/pestech-international-bhd-dividends
5275,myNEWS Holdings Bhd (MYNE),https://www.investing.com/equities/bison-consolidated-bhd-dividends
5236,Matrix Concepts Holdings Bhd (MATR),https://www.investing.com/equities/matrix-concepts-holdings-bhd-dividends
5073,Naim Holdings Bhd (NCHB),https://www.investing.com/equities/naim-holdings-bhd-dividends
5021,AYS Ventures Bhd (AYSV),https://www.investing.com/equities/ays-ventures-bhd-dividends
5268,Ikhmas Jaya Group Bhd (IKHM),https://www.investing.com/equities/ikhmas-jaya-group-bhd-dividends
3514,Marco Holdings Bhd (MRHB),https://www.investing.com/equities/marco-holdings-bhd-dividends
0059,M Mode Bhd (MMDE),https://www.investing.com/equities/m-mode-bhd-dividends
4383,Jaya Tiasa Holdings Bhd (JTIA),https://www.investing.com/equities/jaya-tiasa-holdings-bhd-dividends
0104,Genetec Technology Bhd (GTCY),https://www.investing.com/equities/genetec-technology-bhd-dividends
0056,Grand-Flo Bhd (GRFL),https://www.investing.com/equities/grand-flo-bhd-dividends
7247,SCGM Bhd (SCGB),https://www.investing.com/equities/scgm-bhd-dividends
5147,Samchem Holdings Bhd (SAHB),https://www.investing.com/equities/samchem-holdings-bhd-dividends
9296,RCE Capital Berhad (REDI),https://www.investing.com/equities/rce-capital-berhad-dividends
7201,Progressive Impact Corporation Bhd (PGSV),https://www.investing.com/equities/progressive-impact-corporation-bhd-dividends
5247,Karex (KARE),https://www.investing.com/equities/karex-dividends
7235,Superlon Holdings Bhd (SPLH),https://www.investing.com/equities/superlon-holdings-bhd-dividends
0012,Three A Resources Bhd (THEA),https://www.investing.com/equities/three-a-resources-bhd-dividends
5077,Malaysian Bulk Carriers Bhd (MBCB),https://www.investing.com/equities/malaysian-bulk-carriers-bhd-dividends
5276,Dancomech Holdings Bhd (DNCO),https://www.investing.com/equities/dancomech-holdings-bhd-dividends
3689,Fraser Neave Holdings Bhd (FRAS),https://www.investing.com/equities/fraser-neave-holdings-bhd-dividends
0050,Systech Bhd (SYST),https://www.investing.com/equities/systech-bhd-dividends
4731,Scientex Bhd (STIK),https://www.investing.com/equities/scientex-bhd-dividends
5260,Only World Group Holdings Bhd (ONLY),https://www.investing.com/equities/only-world-group-holdings-bhd-dividends
1724,Paramount Corporation Bhd (PRMS),https://www.investing.com/equities/paramount-corporation-bhd-dividends
6645,Lingkaran Trans Kota Holdings Bhd (LTKH),https://www.investing.com/equities/lingkaran-trans-kota-holdings-bhd-dividends
1562,Berjaya Sports Toto Bhd (BSTB),https://www.investing.com/equities/berjaya-sports-toto-bhd-dividends
2216,IJM Plantations Bhd (IJMP),https://www.investing.com/equities/ijm-plantations-bhd-dividends
7200,Tek Seng Holdings Bhd (TSHB),https://www.investing.com/equities/tek-seng-holdings-bhd-dividends
1082,Hong Leong Financial Group Bhd (HLCB),https://www.investing.com/equities/hong-leong-financial-group-bhd-dividends
0040,OpenSys M Bhd (OPYS),https://www.investing.com/equities/opensys-m-bhd-dividends
7120,Acoustech Bhd (ACOU),https://www.investing.com/equities/acoustech-bhd-dividends
5071,Coastal Contracts Bhd (CTAL),https://www.investing.com/equities/coastal-contracts-bhd-dividends
7154,Caely Holdings Bhd (CAEY),https://www.investing.com/equities/caely-holdings-bhd-dividends
5248,Bermaz Auto Bhd (BERA),https://www.investing.com/equities/berjaya-auto-bhd-dividends
5109,YTL Hospitality REIT (YTLR),https://www.investing.com/equities/ytl-hospitality-reit-dividends
5020,Glomac Bhd (GLOM),https://www.investing.com/equities/glomac-bhd-dividends
7161,Kerjaya Prospek Group Bhd (KREJ),https://www.investing.com/equities/fututech-bhd-dividends
7073,Seacera Group Bhd (SCER),https://www.investing.com/equities/seacera-group-bhd-dividends
7167,Johore Tin Bhd (JHTN),https://www.investing.com/equities/johore-tin-bhd-dividends
5284,Lotte Chemical Titan Holding BHD (LOTT),https://www.investing.com/equities/lotte-chemical-titan-dividends
5127,AmanahRaya Real Estate Investment Trust (AMRY),https://www.investing.com/equities/amanahraya-real-estate-dividends
2771,Boustead Holdings Bhd (BOUS),https://www.investing.com/equities/boustead-holdings-bhd-dividends
7035,CCK Consolidated Holdings Bhd (CCKH),https://www.investing.com/equities/cck-consolidated-holdings-dividends
0113,MMS Ventures Bhd (MMST),https://www.investing.com/equities/mms-ventures-bhd-dividends
5038,KSL Holdings Bhd (KSLH),https://www.investing.com/equities/ksl-holdings-bhd-dividends
5143,Luxchem Corporation Bhd (LCBH),https://www.investing.com/equities/luxchem-corporation-bhd-dividends
5271,Pecca Group Bhd (PECC),https://www.investing.com/equities/pecca-group-bhd-dividends
1996,Kretam Holdings Bhd (KREK),https://www.investing.com/equities/kretam-holdings-bhd-dividends
1198,MAA Group Bhd (MAAS),https://www.investing.com/equities/maa-group-bhd-dividends
5584,Yee Lee Corporation Bhd (YLEE),https://www.investing.com/equities/yee-lee-corporation-bhd-dividends
6807,Puncak Niaga Holdings Bhd (PNHB),https://www.investing.com/equities/puncak-niaga-holdings-bhd-dividends
5171,Kimlun Corporation Bhd (KICB),https://www.investing.com/equities/kimlun-corporation-bhd-dividends
6114,MKH Bhd (METR),https://www.investing.com/equities/mkh-bhd-dividends
0093,Solution Engineering Holdings Bhd (SLEG),https://www.investing.com/equities/solution-engineering-holdings-bhd-dividends
5191,Tambun Indah Land Bhd (TAMB),https://www.investing.com/equities/tambun-indah-land-bhd-dividends
5090,Media Chinese International Ltd (MDCH),https://www.investing.com/equities/media-chinese-international-ltd-dividends
8397,Tiong Nam Logistics Holdings Bhd (TNTT),https://www.investing.com/equities/tiong-nam-logistics-holdings-bhd-dividends
7207,Success Transformer Corporation Bhd (SCCE),https://www.investing.com/equities/success-transformer-corp-dividends
7168,Prg Holdings Bhd (PRGH),https://www.investing.com/equities/prg-holdings-bhd-dividends
5125,Pantech Group Holdings Bhd (PNTE),https://www.investing.com/equities/pantech-group-holdings-bhd-dividends
7252,Teo Seng Capital Bhd (TSCP),https://www.investing.com/equities/teo-seng-capital-bhd-dividends
3417,Eastern & Oriental Bhd (ENOB),https://www.investing.com/equities/eastern---oriental-bhd-dividends
5133,Petra Energy Bhd (PTRE),https://www.investing.com/equities/petra-energy-bhd-dividends
7229,Favelle Favco Bhd (FVCO),https://www.investing.com/equities/favelle-favco-bhd-dividends
3867,Malaysian Pacific Industries (MPIM),https://www.investing.com/equities/malaysian-pacific-industries-dividends
5355,Daiman Develop Bhd (DAIM),https://www.investing.com/equities/daiman-develop-bhd-dividends
7178,YSP Southeast Asia Holding Bhd (YSPS),https://www.investing.com/equities/ysp-southeast-asia-holding-bhd-dividends
5186,Malaysia Marine and Heavy Engineering Holdings Bhd (MHEB),https://www.investing.com/equities/malaysia-marine-heavy-engineering-dividends
5102,Guan Chong Bhd (GNCH),https://www.investing.com/equities/guan-chong-bhd-dividends
7668,Hai O Enterprise Bhd (HAIO),https://www.investing.com/equities/hai-o-enterprise-bhd-dividends
0112,Mikro MSC Bhd (MIKB),https://www.investing.com/equities/mikro-msc-bhd-dividends
7134,PW Consolidated Bhd (PWFC),https://www.investing.com/equities/pw-consolidated-bhd-dividends
8079,Lee Swee Kiat Group Bhd (LHTM),https://www.investing.com/equities/lee-swee-kiat-group-bhd-dividends
5078,Marine & General Bhd (MARI),https://www.investing.com/equities/silk-holdings-bhd-dividends
9288,Bonia Corporation Bhd (BONI),https://www.investing.com/equities/bonia-corporation-bhd-dividends
7089,Lii Hen Industries Bhd (LHEN),https://www.investing.com/equities/lii-hen-industries-bhd-dividends
7103,Spritzer Bhd (SPTZ),https://www.investing.com/equities/spritzer-bhd-dividends
6238,Hock Seng Lee Bhd (HSLB),https://www.investing.com/equities/hock-seng-lee-bhd-dividends
6203,Khee San Bhd (KHEE),https://www.investing.com/equities/khee-san-bhd-dividends
0195,Binasat Communications Bhd (BINC),https://www.investing.com/equities/binasat-communications-dividends
5007,Chin Well Holdings Bhd (CWHB),https://www.investing.com/equities/chin-well-holdings-bhd-dividends
7190,Pelangi Publishing Group Bhd (PPGB),https://www.investing.com/equities/pelangi-publishing-group-dividends
5184,Cypark Resources Berhad (CYPR),https://www.investing.com/equities/cypark-resources-berhad-dividends
5278,Rhone Ma Holdings Bhd (RHON),https://www.investing.com/equities/rhone-ma-holdings-bhd-dividends
5228,ELK-Desa Resources Bhd (ELKD),https://www.investing.com/equities/elk-desa-resources-bhd-dividends
5196,Berjaya Food Bhd (BJFO),https://www.investing.com/equities/berjaya-food-bhd-dividends
7230,Tomei Consolidated Bhd (TMEI),https://www.investing.com/equities/tomei-consolidated-bhd-dividends
2194,MMC Corporation Bhd (MMCB),https://www.investing.com/equities/mmc-corporation-bhd-dividends
7237,Power Root Bhd (POWE),https://www.investing.com/equities/power-root-bhd-dividends
7162,Astino Bhd (ATNO),https://www.investing.com/equities/astino-bhd-dividends
3239,Berjaya Assets Bhd (BERJ),https://www.investing.com/equities/berjaya-assets-bhd-dividends
2186,Kuchai Develop Bhd (KCDS),https://www.investing.com/equities/kuchai-develop-bhd-dividends
9172,Formosa Prosonic Industries (FPIB),https://www.investing.com/equities/formosa-prosonic-industries-dividends
4057,Asian Pac Holdings Bhd (APHB),https://www.investing.com/equities/asian-pac-holdings-bhd-dividends
7133,United U Li Corporation Bhd (UULI),https://www.investing.com/equities/united-u-li-corporation-dividends
7095,PIE Industrial Bhd (PIEN),https://www.investing.com/equities/pie-industrial-bhd-dividends
7213,Hovid Bhd (HOVI),https://www.investing.com/equities/hovid-bhd-dividends
7204,D O Green Technologies Bhd (DOVT),https://www.investing.com/equities/d-o-green-technologies-bhd-dividends
5012,Ta Ann Holdings Bhd (TAAN),https://www.investing.com/equities/ta-ann-holdings-bhd-dividends
7773,EP Manufacturing Bhd (EPMB),https://www.investing.com/equities/ep-manufacturing-bhd-dividends
5120,AmFIRST Real Estate Investment Trust (AMFL),https://www.investing.com/equities/amfirst-dividends
8,Willowglen MSC Bhd (WLOW),https://www.investing.com/equities/willowglen-msc-bhd-dividends
5176,Sunway Real Estate Investment Trust (SUNW),https://www.investing.com/equities/sunway-real-estate-invest-trust-dividends
4251,I-Berhad (IBHD),https://www.investing.com/equities/i-bhd-dividends
5401,Tropicana Corporation Bhd (TROP),https://www.investing.com/equities/tropicana-corporation-bhd-dividends
5159,Yoong Onn Corporation Bhd (YGON),https://www.investing.com/equities/yoong-onn-corporation-bhd-dividends
6815,Eupe Corporation Bhd (EUPE),https://www.investing.com/equities/eupe-corporation-bhd-dividends
2836,Carlsberg Brewery Malaysia Bhd (CBMS),https://www.investing.com/equities/carlsberg-brewery-malaysia-bhd-dividends
5192,K Seng Seng Corporation Bhd (KSSC),https://www.investing.com/equities/k-seng-seng-corporation-bhd-dividends
5080,Poh Kong Holdings Bhd (POHK),https://www.investing.com/equities/poh-kong-holdings-bhd-dividends
0101,TMC Life Sciences Bhd (TMCN),https://www.investing.com/equities/tmc-life-sciences-bhd-dividends
0100,ES Ceramics Technology Bhd (ESCM),https://www.investing.com/equities/es-ceramics-technology-bhd-dividends
3921,Mwe Holdings Bhd (MWEM),https://www.investing.com/equities/mwe-holdings-bhd-dividends
5152,Muar Ban Lee Group Bhd (MUBL),https://www.investing.com/equities/muar-ban-lee-group-bhd-dividends
5024,Hup Seng Industries Bhd (HSIB),https://www.investing.com/equities/hup-seng-industries-bhd-dividends
0146,JF Technology BHD (JFTB),https://www.investing.com/equities/jf-tech-dividends
0161,SCH Group Bhd (SCHG),https://www.investing.com/equities/sch-group-bhd-dividends
5139,Aeon Credit Service Bhd (ANCR),https://www.investing.com/equities/aeon-credit-service-(m)-bhd-dividends
5126,Sarawak Oil Palms Bhd (SOPS),https://www.investing.com/equities/sarawak-oil-palms-bhd-dividends
7217,Eonmetall Group Bhd (EONM),https://www.investing.com/equities/eonmetall-group-bhd-dividends
5075,Plenitude Bhd (PLET),https://www.investing.com/equities/plenitude-bhd-dividends
7140,Oka Corporation Bhd (OKAC),https://www.investing.com/equities/oka-corporation-bhd-dividends
4944,Nylex (Malaysia) Bhd (NMBS),https://www.investing.com/equities/nylex-malaysia-bhd-dividends
168,Boilermech Holdings Bhd (BOIL),https://www.investing.com/equities/boilermech-holdings-bhd-dividends
6068,PCCS Group Bhd (PCCS),https://www.investing.com/equities/pccs-group-bhd-dividends
7609,Ajiya Bhd (AJIY),https://www.investing.com/equities/ajiya-bhd-dividends
3298,Hexza Corporation Bhd (HXZS),https://www.investing.com/equities/hexza-corporation-bhd-dividends
9873,Prestar Resources Bhd (PTAR),https://www.investing.com/equities/prestar-resources-bhd-dividends
7250,Uzma Bhd (UZMA),https://www.investing.com/equities/uzma-bhd-dividends
3719,Panasonic Manufacture Malaysia (PMMY),https://www.investing.com/equities/panasonic-manufacture-malaysia-dividends
3069,Mega First Corporation Bhd (MEGA),https://www.investing.com/equities/mega-first-corporation-bhd-dividends
8494,LBI Capital Bhd (LBIP),https://www.investing.com/equities/lbi-capital-bhd-dividends
5000,Hume Industries Bhd (HUIN),https://www.investing.com/equities/hume-industries-bhd-dividends
5031,TIME Dotcom Bhd (TCOM),https://www.investing.com/equities/time-dotcom-bhd-dividends
5162,ECS ICT Bhd (ECSI),https://www.investing.com/equities/ecs-ict-bhd-dividends
2062,Harbour Link Group Bhd (HARR),https://www.investing.com/equities/harbour-link-group-bhd-dividends
5027,Kim Loong Resources Bhd (KIML),https://www.investing.com/equities/kim-loong-resources-bhd-dividends
3255,Heineken Bhd (HEIN),https://www.investing.com/equities/guinness-anchor-bhd-dividends
7172,PMB Technology Bhd (PMBT),https://www.investing.com/equities/pmb-technology-bhd-dividends
8966,Prolexus Bhd (PXUS),https://www.investing.com/equities/prolexus-bhd-dividends
8591,Crest Builder Holdings Bhd (CREH),https://www.investing.com/equities/crest-builder-holdings-bhd-dividends
3794,Lafarge Malayan Cement Bhd (LAFA),https://www.investing.com/equities/lafarge-malayan-cement-bhd-dividends
5010,Tong Herr Resources Bhd (THRB),https://www.investing.com/equities/tong-herr-resources-bhd-dividends
5062,Hua Yang Bhd (HUAY),https://www.investing.com/equities/hua-yang-bhd-dividends
7129,Asia File Corporation Bhd (AFCB),https://www.investing.com/equities/asia-file-corporation-bhd-dividends
7043,JMR Conglomeration Bhd (JMRB),https://www.investing.com/equities/jmr-conglomeration-bhd-dividends
7186,SWS Capital Bhd (SWSB),https://www.investing.com/equities/sws-capital-bhd-dividends
5181,SIG Gases Bhd (SIGS),https://www.investing.com/equities/sig-gases-bhd-dividends
0011,Brite Tech Bhd (BECH),https://www.investing.com/equities/brite-tech-bhd-dividends
5028,HeiTech Padu Bhd (HEIT),https://www.investing.com/equities/heitech-padu-bhd-dividends
7676,Gunung Capital Bhd (GUNU),https://www.investing.com/equities/gunung-capital-bhd-dividends
7034,Thong Guan Industries Bhd (TGIB),https://www.investing.com/equities/thong-guan-industries-bhd-dividends
5135,Sarawak Plantation Bhd (SPLN),https://www.investing.com/equities/sarawak-plantation-bhd-dividends
2658,Ajinomoto Malaysia Bhd (AJIN),https://www.investing.com/equities/ajinomoto-(malaysia)-bhd-dividends
7081,Pharmaniaga Bhd (PHMA),https://www.investing.com/equities/pharmaniaga-bhd-dividends
8443,Hil Industries Bhd (HILI),https://www.investing.com/equities/hil-industries-bhd-dividends
8931,Jerasia Capital Bhd (JERA),https://www.investing.com/equities/jerasia-capital-bhd-dividends
7014,YLI Holdings Bhd (YLIH),https://www.investing.com/equities/yli-holdings-bhd-dividends
0158,SCC Holdings Bhd (SCCH),https://www.investing.com/equities/scc-holdings-bhd-dividends
6971,Kobay Tech Bhd (KOBA),https://www.investing.com/equities/kobay-tech-bhd-dividends
9466,KKB Engineering Berhad (KKBE),https://www.investing.com/equities/kkb-engineering-berhad-dividends
5213,Sentoria Group Bhd (SNTO),https://www.investing.com/equities/sentoria-group-bhd-dividends
7087,Magni Tech Industries Bhd (MATE),https://www.investing.com/equities/magni-tech-industries-bhd-dividends
9016,Eksons Corp Bhd (EKSN),https://www.investing.com/equities/eksons-corp-bhd-dividends
5085,Mudajaya Group Bhd (MJYA),https://www.investing.com/equities/mudajaya-group-bhd-dividends
8761,Brem Holding Bhd (BREM),https://www.investing.com/equities/brem-holding-bhd-dividends
7246,Signature International Bhd (SGNA),https://www.investing.com/equities/signature-international-bhd-dividends
5132,Deleum Bhd (DLEU),https://www.investing.com/equities/deleum-bhd-dividends
5212,Pavilion Real Estate Inv Trust (PREI),https://www.investing.com/equities/pavilion-real-estate-inv-trust-dividends
3247,GUH Holdings Bhd (GUHB),https://www.investing.com/equities/guh-holdings-bhd-dividends
5160,Homeritz Corporation Bhd (HOME),https://www.investing.com/equities/homeritz-corporation-bhd-dividends
4006,Oriental Holdings Bhd (OTLS),https://www.investing.com/equities/oriental-holdings-bhd-dividends
49,Oceancash Pacific Bhd (OCEA),https://www.investing.com/equities/oceancash-pacific-bhd-dividends
5269,Al-Salam Real Estate Investment Trust (ALSA),https://www.investing.com/equities/al-salam-real-estate-investment-dividends
5232,Leon Fuat Bhd (LEON),https://www.investing.com/equities/leon-fuat-bhd-dividends
0105,Asia Poly Holdings Bhd (ASPY),https://www.investing.com/equities/asia-poly-holdings-bhd-dividends
6491,Kumpulan Fima Bhd (KFIM),https://www.investing.com/equities/kumpulan-fima-bhd-dividends
4707,Nestle (Malaysia) Bhd (NESM),https://www.investing.com/equities/nestle-(malaysia)-bhd-dividends
7152,Jaycorp Bhd (JAYC),https://www.investing.com/equities/jaycorp-bhd-dividends
5242,Solid Automotive Bhd (SOIL),https://www.investing.com/equities/solid-automotive-bhd-dividends
3379,Insas Bhd (INSS),https://www.investing.com/equities/insas-bhd-dividends
5065,Ornapaper Bhd (ORPA),https://www.investing.com/equities/ornapaper-bhd-dividends
5207,SBC Corp Bhd (SIAH),https://www.investing.com/equities/sbc-corp-bhd-dividends
9059,TSH Resources Bhd (TSHR),https://www.investing.com/equities/tsh-resources-bhd-dividends
5105,Can One Bhd (CNON),https://www.investing.com/equities/can-one-bhd-dividends
3301,Hong Leong Industries Bhd (HLIB),https://www.investing.com/equities/hong-leong-industries-bhd-dividends
5107,IQ Group Holdings Bhd (IQGH),https://www.investing.com/equities/iq-group-holdings-bhd-dividends
4952,Amanah Harta Tanah PNB (AHBM),https://www.investing.com/equities/amanah-harta-tanah-dividends
2674,Aluminium Company of Malaysia Bhd (ALCO),https://www.investing.com/equities/aluminium-company-of-malaysia-dividends
7029,Master Pack Group Bhd (MSTP),https://www.investing.com/equities/master-pack-group-bhd-dividends
7412,SHH Resources Holdings Bhd (SHHR),https://www.investing.com/equities/shh-resources-holdings-bhd-dividends
5100,BP Plastics Holding Bhd (BPPL),https://www.investing.com/equities/bp-plastics-holding-bhd-dividends
5131,Zhulian Corporation Bhd (ZHCO),https://www.investing.com/equities/zhulian-corporation-bhd-dividends
8834,Ireka Corporation Bhd (IRKA),https://www.investing.com/equities/ireka-corporation-bhd-dividends
1899,Batu Kawan Bhd (BTKW),https://www.investing.com/equities/batu-kawan-bhd-dividends
7033,Kumpulan H & L High-Tech Bhd (KHLH),https://www.investing.com/equities/kumpulan-h-l-high-tech-dividends
5436,Perusahaan Sadur Timah Malaysia Perstima Bhd (PSTM),https://www.investing.com/equities/perusahaan-sadur-timah-dividends
2925,Cycle Carriage Bintang Bhd (CYCB),https://www.investing.com/equities/cycle-carriage-bintang-bhd-dividends
6262,Innoprise Plantations Bhd (INNO),https://www.investing.com/equities/innoprise-plantations-bhd-dividends
5009,White Horse Bhd (WHSE),https://www.investing.com/equities/white-horse-bhd-dividends
5121,Hektar Real Estate Investment Trust (HEKR),https://www.investing.com/equities/hektar-reit-dividends
5371,Kim Hin Industry Bhd (KIMH),https://www.investing.com/equities/kim-hin-industry-bhd-dividends
7216,Kawan Food Bhd (KWNF),https://www.investing.com/equities/kawan-food-bhd-dividends
0028,Scope Industries Bhd (SCPE),https://www.investing.com/equities/scope-industries-bhd-dividends
4596,Sapura Resources Bhd (SRCS),https://www.investing.com/equities/sapura-resources-bhd-dividends
5235SS,KLCC Property Holdings Bhd (KLCC),https://www.investing.com/equities/klcc-prop-reits---stapled-sec-dividends
1783,Selangor Properties Bhd (SELS),https://www.investing.com/equities/selangor-properties-bhd-dividends
7090,Apex Healthcare Bhd (APER),https://www.investing.com/equities/apex-healthcare-bhd-dividends
7085,LTKM Bhd (LTKM),https://www.investing.com/equities/ltkm-bhd-dividends
9423,Chee Wah Corporation Bhd (CWGH),https://www.investing.com/equities/chee-wah-corp-bhd-dividends
5112,TH Plantations Bhd (THPB),https://www.investing.com/equities/th-plantations-bhd-dividends
3522,Kian Joo Can Factory Bhd (KJCS),https://www.investing.com/equities/kian-joo-can-factory-bhd-dividends
2224,Selangor Dredging Bhd (SDGS),https://www.investing.com/equities/selangor-dredging-bhd-dividends
3476,Keck Seng Malaysia Bhd (KSMS),https://www.investing.com/equities/keck-seng-malaysia-bhd-dividends
0089,Tex Cycle Technology M Bhd (TXCY),https://www.investing.com/equities/tex-cycle-technology-m-bhd-dividends
2593,United Malacca Bhd (UMRS),https://www.investing.com/equities/united-malacca-bhd-dividends
5130,Atrium Real Estate Investment Trust (ATRL),https://www.investing.com/equities/atrium-dividends
3026,Dutch Lady Milk Industries Bhd (DBMS),https://www.investing.com/equities/dutch-lady-milk-industries-bhd-dividends
8982,Cepatwawasan Group Bhd (CPWA),https://www.investing.com/equities/cepatwawasan-group-bhd-dividends
9326,LB Aluminium Bhd (LBAL),https://www.investing.com/equities/lb-aluminium-bhd-dividends
9865,Suiwah Corporation Bhd (SWAH),https://www.investing.com/equities/suiwah-corporation-bhd-dividends
5140,Tasco Bhd (TASC),https://www.investing.com/equities/tasco-bhd-dividends
5208,EITA Resources Bhd (EITA),https://www.investing.com/equities/eita-resources-bhd-dividends
0106,Rexit Bhd (REXT),https://www.investing.com/equities/rexit-bhd-dividends
5066,NTPM Holdings Bhd (NTPM),https://www.investing.com/equities/ntpm-holdings-bhd-dividends
5592,Grand Central Enterprises Bhd (GRAN),https://www.investing.com/equities/grand-central-enterprises-bhd-dividends
7231,Wellcall Holdings Bhd (WCAL),https://www.investing.com/equities/wellcall-holdings-bhd-dividends
3107,Fima Corporation Bhd (FIMA),https://www.investing.com/equities/fima-corporation-bhd-dividends
4405,Tan Chong Motor Holdings Bhd (TNCS),https://www.investing.com/equities/tan-chong-motor-holdings-bhd-dividends
1163,Allianz Malaysia Bhd (AINM),https://www.investing.com/equities/allianz-malaysia-bhd-dividends
9334,KESM Industries Bhd (KESM),https://www.investing.com/equities/kesm-industries-bhd-dividends
5026,MHC Plantations Bhd (MHCP),https://www.investing.com/equities/mhc-plantations-bhd-dividends
5088,Apex Equity Holdings Bhd (APES),https://www.investing.com/equities/apex-equity-holdings-bhd-dividends
9822,Sam Engineering Equipment (SAEG),https://www.investing.com/equities/sam-engineering-equipment-dividends
2089,United Plantations Bhd (UTPS),https://www.investing.com/equities/united-plantations-bhd-dividends
1503,GuocoLand (Malaysia) Bhd (GUOL),https://www.investing.com/equities/guocoland-(malaysia)-bhd-dividends
5134,Southern Acids (M) Bhd (SOUS),https://www.investing.com/equities/southern-acids-m-bhd-dividends
9741,Rohas Tecnic Bhd (ROHA),https://www.investing.com/equities/tecnic-group-bhd-dividends
9792,SEG International Bhd (SEDU),https://www.investing.com/equities/seg-international-bhd-dividends
7214,A Rank Bhd (ARNK),https://www.investing.com/equities/a-rank-bhd-dividends
5167,Turbo Mech Bhd (TURB),https://www.investing.com/equities/turbo-mech-bhd-dividends
5916,Malaysia Smelting Corporation Bhd (MSCB),https://www.investing.com/equities/malaysia-smelting-corp-dividends
5110,UOA Real Estate Investment Trust (UOAR),https://www.investing.com/equities/uoa-reit-dividends
5049,Country View Bhd (CVIE),https://www.investing.com/equities/country-view-bhd-dividends
2607,Inch Kenneth Kajang Rubber PLC (IKEN),https://www.investing.com/equities/inch-kenneth-kajang-rubber-plc-dividends
7374,Tien Wah Press Holdings Bhd (TWPH),https://www.investing.com/equities/tien-wah-press-holdings-dividends
8133,Boustead Heavy Industries (BHIB),https://www.investing.com/equities/boustead-heavy-industries-dividends
5983,MBM Resources Bhd (MBMR),https://www.investing.com/equities/mbm-resources-bhd-dividends
7169,Dominant Enterprise Bhd (DOMN),https://www.investing.com/equities/dominant-enterprise-bhd-dividends
5138,Hap Seng Plantations Holdings Bhd (HAPP),https://www.investing.com/equities/hap-seng-plantations-holdings-bhd-dividends
7083,Analabs Resources Bhd (ANRE),https://www.investing.com/equities/analabs-resources-bhd-dividends
5568,APB Resources Bhd (APBS),https://www.investing.com/equities/apb-resources-bhd-dividends
5908,DKSH Holdings Malaysia Berhad (DELM),https://www.investing.com/equities/dksh-holdings-malaysia-berhad-dividends
7210,Freight Management Holdings (FMHB),https://www.investing.com/equities/freight-management-holdings-dividends
7382,Golden Land Bhd (GOLD),https://www.investing.com/equities/golden-land-bhd-dividends
5673,Ipmuda Bhd (IPMU),https://www.investing.com/equities/ipmuda-bhd-dividends
6009,Pacific Orient Bhd (PACO),https://www.investing.com/equities/pacific-orient-bhd-dividends
5245,Caring Pharmacy Group Bhd (CARI),https://www.investing.com/equities/caring-pharmacy-group-bhd-dividends
6351,Amway (Malaysia) Holdings Bhd (AMWA),https://www.investing.com/equities/amway-(malaysia)-holdings-bhd-dividends
8613,Enra Group Bhd (ENRA),https://www.investing.com/equities/perduren-(m)-bhd-dividends
7579,AWC Bhd (AWCF),https://www.investing.com/equities/awc-bhd-dividends
0099,Scicom MSC Bhd (SCCM),https://www.investing.com/equities/scicom-msc-bhd-dividends
8621,LPI Capital Bhd (LOND),https://www.investing.com/equities/lpi-capital-bhd-dividends
1058,Manulife Holdings Bhd (MNLF),https://www.investing.com/equities/manulife-holdings-bhd-dividends
4448,Tasek Corporation Bhd (TKCS),https://www.investing.com/equities/tasek-corporation-bhd-dividends
9199,Lysaght Galvanized Steel Bhd (LYSA),https://www.investing.com/equities/lysaght-galvanized-steel-dividends
7107,Oriental Food Industries Hold (OFIH),https://www.investing.com/equities/oriental-food-industries-hold-dividends
6139,Syarikat Takaful Malaysia Bhd (TAKA),https://www.investing.com/equities/syarikat-takaful-malaysia-bhd-dividends
7757,UPA Corporation Bhd (UPAB),https://www.investing.com/equities/upa-corporation-bhd-dividends
5047,NPC Resources Bhd (NPCR),https://www.investing.com/equities/npc-resources-bhd-dividends
6521,Suria Capital Holdings Bhd (SURI),https://www.investing.com/equities/suria-capital-holdings-bhd-dividends
5104,CNI Holdings Bhd (CNIH),https://www.investing.com/equities/cni-holdings-bhd-dividends
7060,New Hoong Fatt Holdings Bhd (NHFH),https://www.investing.com/equities/new-hoong-fatt-holdings-bhd-dividends
5182,Gw Plastics Holdings Bhd (MCTB),https://www.investing.com/equities/gw-plastics-holdings-bhd-dividends
5015,APM Automotive Holdings Bhd (APMA),https://www.investing.com/equities/apm-automotive-holdings-bhd-dividends
7722,Asia Brands Bhd (ASIA),https://www.investing.com/equities/asia-brands-bhd-dividends
7189,MB World Group Bhd (MBWO),https://www.investing.com/equities/emas-kiara-industries-bhd-dividends
7149,Eng Kah Corporation Bhd (ENGH),https://www.investing.com/equities/eng-kah-corporation-bhd-dividends
7099,Atta Global Group Bhd (ATTA),https://www.investing.com/equities/smpc-corporation-bhd-dividends
5517,Shangri La Hotels Malaysia Bhd (SHGM),https://www.investing.com/equities/shangri-la-hotels-malaysia-bhd-dividends
8702,Texchem Resources Bhd (TEXC),https://www.investing.com/equities/texchem-resources-bhd-dividends
1929,Chin Teck Plantations Bhd (CTPB),https://www.investing.com/equities/chin-teck-plantations-bhd-dividends
5011,Mesiniaga Bhd (MNGA),https://www.investing.com/equities/mesiniaga-bhd-dividends
1007,Amcorp Properties Bhd (AMCO),https://www.investing.com/equities/amcorp-properties-bhd-dividends
2,Kotra Industries Bhd (KOIN),https://www.investing.com/equities/kotra-industries-bhd-dividends
2542,Riverview Rubber Estates Bhd (RVWL),https://www.investing.com/equities/riverview-rubber-estates-bhd-dividends
9369,Teo Guan Lee Corporation Bhd (TGLB),https://www.investing.com/equities/teo-guan-lee-corporation-bhd-dividends
7203,Wang-Zheng Bhd (WGZH),https://www.investing.com/equities/wang-zheng-bhd-dividends
3379PA,Insas Bhd Pref (INSS_p),https://www.investing.com/equities/insas-bhd-pref-dividends
6173,Bina Darulaman Bhd (BDBS),https://www.investing.com/equities/bina-darulaman-bhd-dividends
5029,Far East Holdings Bhd (FEHS),https://www.investing.com/equities/far-east-holdings-bhd-dividends
7205,Cocoaland Holdings Bhd (CCLD),https://www.investing.com/equities/cocoaland-holdings-bhd-dividends
5008,Harrisons Holdings (Malaysia) (HSON),https://www.investing.com/equities/harrisons-holdings-(malaysia)-dividends
9997,Pensonic Holdings Bhd (PENS),https://www.investing.com/equities/pensonic-holdings-bhd-dividends
5258,BIMB Holdings Bhd (BIMB),https://www.investing.com/equities/bimb-holdings-bhd-dividends
7137,UMS Holdings Bhd (UMSH),https://www.investing.com/equities/ums-holdings-bhd-dividends
2755,FCW Holdings Bhd (FCWH),https://www.investing.com/equities/fcw-holdings-bhd-dividends
6432,Apollo Food Holdings Bhd (AFHB),https://www.investing.com/equities/apollo-food-holdings-bhd-dividends
2828,CI Holdings Bhd (CIHB),https://www.investing.com/equities/ci-holdings-bhd-dividends
5081,Esthetics International Group (ESTH),https://www.investing.com/equities/esthetics-international-group-dividends
0053,OSK Ventures International Bhd (OSKV),https://www.investing.com/equities/osk-ventures-international-bhd-dividends
7054,Astral Asia Bhd (AASB),https://www.investing.com/equities/astral-asia-bhd-dividends
5959,Amverton Bhd (AMVE),https://www.investing.com/equities/a-m-realty-bhd-dividends
9148,Advanced Packaging Tech (Malaysia) (APTB),https://www.investing.com/equities/advanced-packaging-tech-(m)-dividends
7048,Atlan Holdings Bhd (ATLA),https://www.investing.com/equities/atlan-holdings-bhd-dividends
5069,BLD Plantation Bhd (BLDN),https://www.investing.com/equities/bld-plantation-bhd-dividends
5032,Bintulu Port Holdings Bhd (BPOT),https://www.investing.com/equities/bintulu-port-holdings-bhd-dividends
7209,Cheetah Holdings Bhd (CETH),https://www.investing.com/equities/cheetah-holdings-bhd-dividends
5797,Choo Bee Metal Industries Bhd (CHOO),https://www.investing.com/equities/choo-bee-metal-industries-bhd-dividends
7016,Chuan Huat Resources Bhd (CHRB),https://www.investing.com/equities/chuan-huat-resources-bhd-dividends
8052,Central Industrial Corp (CICM),https://www.investing.com/equities/central-industrial-corp-dividends
5136,Complete Logistic Services Bhd (CPLG),https://www.investing.com/equities/complete-logistic-services-bhd-dividends
6718,Crescendo Corporation Bhd (CREC),https://www.investing.com/equities/crescendo-corporation-bhd-dividends
7202,Classic Scenic Bhd (CSCB),https://www.investing.com/equities/classic-scenic-bhd-dividends
7128,CAM Resources Bhd (CRSM),https://www.investing.com/equities/cam-resources-bhd-dividends
7157,CYL Corporation Bhd (CYLC),https://www.investing.com/equities/cyl-corporation-bhd-dividends
7119,DeGem Bhd (DEGM),https://www.investing.com/equities/degem-bhd-dividends
7528,DKLS Industries Bhd (DKLS),https://www.investing.com/equities/dkls-industries-bhd-dividends
8125,Daibochi Bhd (DAIB),https://www.investing.com/equities/daibochi-plastic-packaging-dividends
2984,FACB Industries Incorporated (FACN),https://www.investing.com/equities/facb-industries-incorporated-dividends
8605,Federal International Holdings Bhd (FIHB),https://www.investing.com/equities/federal-furniture-holdings-m-dividends
6939,Fiamma Holdings Bhd (FIAM),https://www.investing.com/equities/fiamma-holdings-bhd-dividends
149,Fibon Bhd (FIBN),https://www.investing.com/equities/fibon-bhd-dividends
6041,Farlim Group (Malaysia) Bhd (FLIM),https://www.investing.com/equities/farlim-group-(malaysia)-bhd-dividends
3611,Goh Ban Huat Bhd (PARA),https://www.investing.com/equities/goh-ban-huat-bhd-dividends
5606,IGB Bhd (IGBB),https://www.investing.com/equities/goldis-bhd-dividends
9962,Gromutual Bhd (GMUT),https://www.investing.com/equities/gromutual-bhd-dividends
2135,Gopeng Bhd (GOPK),https://www.investing.com/equities/gopeng-bhd-dividends
7501,Harn Len Corporation Bhd (HLEN),https://www.investing.com/equities/harn-len-corporation-bhd-dividends
5084,Ibraco Bhd (IBRC),https://www.investing.com/equities/ibraco-bhd-dividends
5614,Integrated Logistics Bhd (ILBM),https://www.investing.com/equities/integrated-logistics-bhd-dividends
8648,Jasa Kita Bhd (JKBM),https://www.investing.com/equities/jasa-kita-bhd-dividends
58,JCBNext Berhad Bhd (JCBN),https://www.investing.com/equities/jobstreet-corporation-bhd-dividends
7323,Ken Holdings Bhd (KENH),https://www.investing.com/equities/ken-holdings-bhd-dividends
7062,Khind Holdings Bhd (KHIN),https://www.investing.com/equities/khind-holdings-bhd-dividends
6769,JKG Land Bhd (JKGL),https://www.investing.com/equities/keladi-maju-bhd-dividends
2453,Kluang Rubber Company Malaya (KLRK),https://www.investing.com/equities/kluang-rubber-company-malaya-dividends
5035,Knusford Bhd (KNUS),https://www.investing.com/equities/knusford-bhd-dividends
6572,Kwantas Corporation Bhd (KWAN),https://www.investing.com/equities/kwantas-corporation-bhd-dividends
7006,Latitude Tree Holdings Bhd (LTHB),https://www.investing.com/equities/latitude-tree-holdings-bhd-dividends
7617,Magna Prima Bhd (MAGN),https://www.investing.com/equities/magna-prima-bhd-dividends
5129,Melati Ehsan Holdings Bhd (MEHB),https://www.investing.com/equities/melati-ehsan-holdings-bhd-dividends
5886,Mintye Industries Bhd (MINT),https://www.investing.com/equities/mintye-industries-bhd-dividends
8141,Majuperak Holdings Bhd (MJPR),https://www.investing.com/equities/majuperak-holdings-bhd-dividends
5202,MSM Malaysia Holdings Bhd (MSMH),https://www.investing.com/equities/msm-malaysia-holdings-bhd-dividends
2038,Negri Sembilan Oil Palms Bhd (NSOS),https://www.investing.com/equities/negri-sembilan-oil-palms-bhd-dividends
5827,Oriental Interest Bhd (OINT),https://www.investing.com/equities/oriental-interest-bhd-dividends
5022,Paos Holdings Bhd (PAOS),https://www.investing.com/equities/paos-holdings-bhd-dividends
9598,Pintaras Jaya Bhd (PINT),https://www.investing.com/equities/pintaras-jaya-bhd-dividends
7055,PLB Engineering Bhd (PLBE),https://www.investing.com/equities/plb-engineering-bhd-dividends
9946,Rex Industry Bhd (REXI),https://www.investing.com/equities/rex-industry-bhd-dividends
2569,Sungei Bagan Rubber Malaya (SBRK),https://www.investing.com/equities/sungei-bagan-rubber-malaya-dividends
6017,SHL Consolidated Bhd (SHLC),https://www.investing.com/equities/shl-consolidated-bhd-dividends
2305,AYER Holdings Bhd (AYER),https://www.investing.com/equities/tahps-group-bhd-dividends
5042,TSR Capital Bhd (TSRP),https://www.investing.com/equities/tsr-capital-bhd-dividends
5155,Xingquan International Sports (XING),https://www.investing.com/equities/xingquan-international-sports-dividends
7003,Y&G Corp Bhd (YGCB),https://www.investing.com/equities/y-g-corp-bhd-dividends
8192,Mercury Industries Bhd (MEIS),https://www.investing.com/equities/mercury-industries-bhd-dividends
7004,MCE Holdings Bhd (MCEI),https://www.investing.com/equities/multi-code-electronics-industries-dividends
5223,Mentiga Corporation Bhd (MENT),https://www.investing.com/equities/mentiga-corporation-bhd-dividends
7232,Resintech Bhd (RESN),https://www.investing.com/equities/resintech-bhd-dividends
7803,Rubberex Corporation M Bhd (RUMM),https://www.investing.com/equities/rubberex-corporation-m-dividends
5170,Sarawak Cable Bhd (SACB),https://www.investing.com/equities/sarawak-cable-bhd-dividends
7811,Sapura Industrial Bhd (SAPU),https://www.investing.com/equities/sapura-industrial-bhd-dividends
6904,Subur Tiasa Holdings Bhd (SUBU),https://www.investing.com/equities/subur-tiasa-holdings-bhd-dividends
7854,Timberwell Bhd (TWEL),https://www.investing.com/equities/timberwell-bhd-dividends
7227,UMS-Neiken Group Bhd (UMSN),https://www.investing.com/equities/ums-neiken-group-bhd-dividends
5048,Yi-Lai Bhd (YLAI),https://www.investing.com/equities/yi-lai-bhd-dividends
5267,Xin Hwa Holdings Bhd (XINW),https://www.investing.com/equities/xin-hwa-holdings-bhd-dividends
7199,Kein Hing International Bhd (KEHG),https://www.investing.com/equities/kein-hing-international-bhd-dividends
5533,OCB Bhd (OCBB),https://www.investing.com/equities/ocb-bhd-dividends
0153,Oversea Enterprise Bhd (OVER),https://www.investing.com/equities/oversea-enterprise-bhd-dividends
7053,See Hup Consolidated Bhd (SCHB),https://www.investing.com/equities/see-hup-consolidated-bhd-dividends
9431,Seni Jaya Corporation Bhd (SENI),https://www.investing.com/equities/seni-jaya-corporation-bhd-dividends
5163,Seremban Engineering Bhd (SERE),https://www.investing.com/equities/seremban-engineering-bhd-dividends
7091,Unimech Group Bhd (UMEC),https://www.investing.com/equities/unimech-group-bhd-dividends
5016,Warisan TC Holdings Bhd (WATC),https://www.investing.com/equities/warisan-tc-holdings-bhd-dividends
0182,LKL International Bhd (LKLI),https://www.investing.com/equities/lkl-international-bhd-dividends
6149,Metrod Holdings Bhd (MROD),https://www.investing.com/equities/metrod-holdings-bhd-dividends
7132,SMIS Corporation Bhd (SMBH),https://www.investing.com/equities/smis-corporation-bhd-dividends
0191,Cabnet Holdings Bhd (CABN),https://www.investing.com/equities/cabnet-holdings-bhd-dividends
5111,Tower Real Estate Investment Trust (TWRE),https://www.investing.com/equities/tower-real-estate-dividends
